client,rank_bucket,pages,has_w,mismatch,mismatch_layout,mismatch_layout_big,mismatch_layout_maybe_only,notloaded_auto_width,notloaded_auto_width_no_dims
,all,25375472,9490401,1866219,19089,17348,104961,594249,199277
desktop,all,10769553,4077869,834504,7874,7204,42165,200151,77148
desktop,1000,554,67,13,0,0,1,3,2
desktop,5000,2294,334,74,2,1,2,29,16
desktop,10000,2899,516,168,2,2,3,34,21
desktop,50000,23098,3990,925,23,22,16,260,123
desktop,100000,28758,5426,1135,18,17,33,371,170
desktop,500000,239762,55128,10037,164,151,473,3794,1442
desktop,1000000,321532,88142,15570,240,211,811,5680,2076
desktop,5000000,2578203,885876,165276,1675,1514,9463,47245,16375
desktop,10000000,2828157,1150925,233245,2038,1876,12287,54730,19521
desktop,50000000,4744296,1887465,408061,3712,3410,19076,88005,37402
mobile,all,14605919,5412532,1031715,11215,10144,62796,394098,122129
mobile,1000,691,85,27,0,0,1,5,4
mobile,5000,2764,380,98,2,1,3,32,16
mobile,10000,3446,572,180,3,3,4,45,28
mobile,50000,27051,4475,1094,21,21,26,340,170
mobile,100000,33688,5971,1272,28,27,43,460,219
mobile,500000,277221,58438,10550,185,170,538,4505,1769
mobile,1000000,362829,92303,15755,256,235,983,7015,2606
mobile,5000000,3121739,1053030,186048,2138,1957,12281,76313,23940
mobile,10000000,4118738,1649547,308198,3274,2937,19693,117939,33040
mobile,50000000,6657752,2547731,508493,5308,4793,29224,187444,60337
