id,page,bucket,status,w_imgs,rewritten,changed,max_dw,others_changed,noise,height_A,height_A2,height_B,width_B,width_A2,shot_noise,shot_diff,error
000,https://fenadoce.com.br/,definite,ok,10,3,0,0,0,0,9281,9281,9281,360,360,0.0,0.0,
001,https://www.hotelitaliajesolo.it/,definite,ok,6,0,0,0,0,0,4028,4028,4028,360,360,0.0,0.0,
002,https://www.sportega.nl/,definite,ok,10,10,0,0,0,0,7248,7248,7248,360,360,0.0,0.0,
003,https://welspro.com/,definite,ok,6,2,0,0,0,0,13225,13225,13225,360,360,0.014717076244486453,0.00010922075194286915,
004,https://anegadadelights.com/,definite,ok,19,18,0,0,0,0,29925,29908,29908,360,360,0.0,0.0,
005,https://ucem.jp/,definite,ok,1,0,0,0,0,0,7634,7634,7634,360,360,0.02478058684831019,0.020906471050563268,
006,https://www.muziker.si/,definite,ok,5,5,0,0,0,0,6110,6110,6110,360,360,0.0001509365339152573,0.0001509365339152573,
007,https://www.twhscheer.com/,definite,ok,18,4,0,0,2,1,6220,6220,6220,360,360,0.10106287959985709,0.10005091103965702,
008,https://inshot.fr.softmany.com/,definite,ok,4,4,0,0,0,0,5711,5711,5711,360,360,0.0,0.0,
009,https://carelinkpsykiatri.dk/,definite,ok,6,2,0,0,0,0,8586,8586,8586,360,360,0.0,6.7940057457877166e-06,
010,https://au.whiteclaw.com/,definite,ok,6,0,0,0,0,0,640,640,640,360,360,0.0,0.0,
011,https://lenthaa.click/,definite,ok,16,16,0,0,0,1,7929,7929,7929,396,396,0.014814560028332258,0.011911268059584366,
012,https://midlandbrewingcompany.toast.site/,definite,ok,20,20,0,0,0,0,14402,14402,14402,360,360,0.0,0.0,
013,https://www.goughengineering.com/,definite,ok,13,13,0,0,0,0,19800,19800,19800,360,360,1.402918069584736e-07,0.0,
014,https://riodejas.com.br/,definite,ok,7,6,0,0,0,0,2589,2589,2589,360,360,0.15830436461954422,0.18438908201364748,
015,https://brynza.media/,definite,ok,0,0,0,0,0,0,640,640,640,360,360,0.0,0.0,
016,https://www.meenaphotostudio.com/,definite,ok,10,6,0,0,0,0,15326,15326,15326,360,360,0.0,0.0,
017,https://www.bega-shoppingcenter.ro/,definite,ok,2,0,0,0,0,0,6008,6008,6008,360,360,0.16833573753513834,0.02017217783695813,
018,https://fdpachura.pl/,definite,error,,,,,,,,,,,,,,Page.goto: net::ERR_NAME_NOT_RESOLVED at https://fdpachura.pl/
019,https://www.prinas.de/,definite,ok,1,0,0,0,0,0,18931,18931,18931,360,360,0.0,0.0,
020,https://aoum.in/,definite,ok,5,2,0,0,0,0,24591,24591,24591,360,360,0.06595558899145577,0.0,
021,https://www.stonewaterrecovery.com/,definite,ok,1,1,0,0,0,0,10801,10801,10801,360,360,0.0,0.0,
022,https://www.theriversrl.com/,definite,ok,8,0,0,0,0,0,10094,10074,10074,360,360,0.011205124504554308,0.0008101109482139857,
023,https://blog.drastosa.com.br/,definite,ok,8,0,0,0,0,0,14148,14148,14148,360,360,0.03398772500235604,0.0,
024,https://www.kishino-k.com/,definite,ok,18,0,0,0,1,1,10549,10549,10549,360,360,0.0502667446098103,0.025452912861671985,
025,https://barconvent.co.uk/,definite,ok,10,3,0,0,0,0,9219,9219,9219,360,360,0.03264634631377228,0.03240801002760001,
026,https://www.humboldt-institut.org/,definite,ok,29,29,0,0,0,0,18792,18793,18793,385,385,0.02813868938489808,0.0002754548702508049,
027,https://atelierulsanzienelor.ro/,definite,ok,10,4,0,0,0,0,10399,10399,10399,360,360,0.0059420777638875535,0.0,
028,https://forthing-qatar.com/,definite,ok,5,5,0,0,2,2,2262,2262,2262,360,360,0.12269746536987916,0.13039959720994204,
029,https://kulturfindetstadt-fulda.de/,definite,ok,5,0,0,0,0,0,4646,4646,4646,360,360,0.0,0.0,
030,https://kspbku.com/,definite,ok,13,10,0,0,0,0,5014,5014,5042,360,360,0.0,0.1821427784388911,
031,https://www.hifi2erre.com/,definite,ok,14,0,0,0,0,0,7993,7993,7993,360,360,0.13990123302333987,0.02241023395471037,
032,https://mfcharderwijk.nl/,definite,ok,7,0,0,0,0,0,4496,4496,4496,360,360,0.0,0.0,
033,https://schraubenhaus.de/,definite,ok,26,8,2,105,0,0,3408,3408,3512,360,360,0.0,0.1742731270564414,
034,https://academiaenara.com/,definite,ok,7,7,0,0,0,0,17207,17207,17207,360,360,0.0457948315607989,0.0018291974196547917,
035,https://hellasrally.org/,definite,ok,2,0,0,0,0,0,7611,7611,7611,360,360,0.031578928159535176,0.0,
036,https://mizui-clinic.jp/,definite,ok,9,0,0,0,0,0,6877,6877,6877,360,360,0.024783497326030406,0.031411064256054805,
037,https://www.venereditalia.it/,definite,ok,9,0,0,0,0,11,5034,5031,5031,360,360,0.037827219352845096,0.03641367963073389,
038,https://dieselcom.ru/,definite,ok,20,19,0,0,0,0,640,640,640,360,360,0.0,0.0,
039,https://lddi.ca/,definite,ok,6,6,0,0,0,0,1960,1960,1960,360,360,0.0,1.417233560090703e-06,
040,https://www.texelcampings.nl/,definite,ok,3,3,1,61,0,0,7961,7961,7961,360,360,4.36154028667532e-05,0.0003161244399782272,
041,https://estudio.fareph.com/,definite,ok,34,31,26,120,0,0,9763,9763,9763,360,360,0.000188352851468697,0.00017725653544561668,
042,https://sp3.stargard.pl/,definite,ok,15,0,0,0,0,0,640,7951,7951,360,360,0.2466556093150551,0.0,
043,https://caraslife.com/,definite,ok,23,7,0,0,0,0,3959,3959,3959,360,360,0.004629395750891078,0.004261036737672252,
044,https://www.lionsroarnow.com/,definite,ok,8,0,0,0,1,0,2068,2068,2068,360,360,0.1342695572748764,0.0980483021706426,
045,https://firefox.en.softmany.com/,definite,ok,3,3,0,0,0,0,6619,6619,6619,360,360,0.0,0.0,
046,https://www.profoundsoundsdj.com/,definite,ok,14,14,0,0,0,22,9370,9370,9370,360,360,0.018555377682912367,0.013732360962883909,
047,https://sienagarden.nl/,definite,ok,35,25,13,2,0,0,4892,4892,4892,360,360,0.00042189061506314165,0.0010561460888525484,
048,https://civilengineeringhub001.com/,definite,ok,3,3,0,0,0,0,20480,20480,20480,360,360,0.025130479600694443,0.0,
049,https://www.nappaneepowerfromthepast.org/,definite,ok,20,15,0,0,0,0,6319,6319,6319,360,360,0.0636923915528125,0.004157215452515342,
050,https://www.albis-leasing.de/,definite,ok,1,1,0,0,0,0,10932,10932,10932,360,360,0.0,0.0,
051,https://nicknames4u.com/,definite,ok,2,2,0,0,0,0,12660,12710,12710,360,360,0.00021439811172305271,0.0003227991957338928,
052,https://www.spotbox.mx/,definite,ok,34,34,0,0,0,0,4630,4630,4630,360,360,0.0,0.0,
053,https://www.paragonlaw.co.uk/,definite,ok,24,24,0,0,0,76,9386,9216,9216,622,622,0.0003360687018978118,0.0004073371628260093,
054,https://www.wallhopefarm.co.uk/,definite,ok,0,0,0,0,0,0,640,640,640,360,360,0.0,0.0,
055,https://aventini.de/,definite,ok,4,0,0,0,0,0,7817,7817,7817,360,360,0.0,0.0,
056,https://thewhisperingdarkness.com/,definite,ok,2,2,0,0,0,0,37423,37423,37423,360,360,0.0,0.0,
057,https://www.palestine.pl/,definite,ok,8,0,0,0,0,0,3495,3495,3495,360,360,0.029548561436973455,0.027088698140200287,
058,https://vongcam.space/,definite,ok,1,1,0,0,0,0,6778,6778,6778,370,370,0.0,0.0,
059,https://nextgencollision.com/,definite,ok,2,2,0,0,0,0,17636,17636,17636,360,360,0.0,0.0,
060,https://co.bravecto.com/,definite,ok,29,0,0,0,0,0,12781,12781,12781,360,360,0.0,0.0,
061,https://www.badenstrand.nl/,definite,ok,29,24,0,0,0,4,5356,5356,5356,360,360,0.0,0.0,
062,https://ibnukatsir.or.id/,definite,ok,2,0,0,0,0,0,9581,9581,9581,412,412,0.013224748009561804,0.0011693856064237168,
063,https://shikharjiuppb.com/,definite,ok,4,1,0,0,0,2,9170,9170,9170,360,360,0.06583333333333333,0.023977947413061917,
064,https://glornoscholarships.com/,definite,ok,25,2,0,0,0,26,21574,21564,21564,360,360,0.03401586786564074,0.0004864073867969249,
065,https://hophaus.com.au/,definite,ok,11,0,0,0,0,0,3354,3354,3354,360,360,0.0,0.0,
066,https://www.kral-buch.at/,definite,ok,36,5,3,315,0,0,8874,8874,9320,401,389,0.0,0.3921004891205463,
067,https://www.doucujte.cz/,definite,ok,15,12,12,43,0,0,8359,8359,8359,360,360,0.0,0.003302162672302641,
068,https://google-play.it.softmany.com/,definite,ok,6,6,0,0,0,0,14935,14935,14935,360,360,0.0,0.0,
069,https://fauda-s5.com/,definite,ok,6,0,0,0,0,2,12056,12056,12056,360,360,0.01385317591978176,0.013832900169579002,
070,https://noxpaygaming.com/,definite,ok,2,1,0,0,2,0,3003,3003,3003,360,360,0.10108410108410108,0.1293872793872794,
071,https://nomad-cafe.co.uk/,definite,ok,8,0,0,0,0,0,6104,6104,6104,360,360,0.0,0.0,
072,https://legadoexposevilla.org/,definite,ok,1,0,0,0,0,0,9954,9954,9954,360,360,0.00018780836291384814,0.0,
073,https://littleyorktavernpizza.toast.site/,definite,ok,16,15,0,0,0,0,23429,23429,23429,360,360,0.0,0.0,
074,https://www.marlenheim.fr/,definite,ok,7,0,0,0,0,0,5067,5067,5067,360,360,0.0,0.03082417823388812,
075,https://www.pro-destructeurs.com/,definite,ok,9,3,0,0,0,0,14307,14307,14307,360,360,8.154516437175275e-06,0.00013280212483399734,
076,https://ekalrun.in/,definite,ok,4,1,0,0,0,0,15794,15794,15794,360,360,0.014052101360572932,0.01937075260647503,
077,https://www.paramadina-pusad.or.id/,definite,ok,8,0,0,0,0,0,5966,5966,5966,360,360,0.0,0.0,
078,https://hubriding.no/,definite,ok,3,0,0,0,0,0,13153,13153,13153,360,360,0.007170734179781545,0.01082157006850993,
079,https://ewg.ie/,definite,ok,10,9,0,0,0,0,20302,20329,20329,360,360,0.013722869901235783,0.0117921305633441,
080,https://pocketalk.jp/,definite,ok,22,22,22,2,0,0,5523,5523,5523,360,360,0.0023799464864103646,0.0029678918462188422,
081,https://ignisnatura.org/,definite,ok,11,9,0,0,0,0,5420,5420,5420,360,360,0.0,0.0,
082,https://deluxetintingshop.nl/,definite,ok,2,2,0,0,0,0,12237,12237,12237,360,360,0.07744522531847857,0.05292963961755332,
083,https://tarapata.com/,definite,ok,14,0,0,0,0,0,5376,5376,5376,360,360,0.0,0.0,
084,https://skinsparacelulares.com/,definite,ok,12,4,0,0,0,0,6970,6970,6970,360,360,0.17139247568946278,0.0011959987246931293,
085,https://marshrunkennels.com/,definite,ok,7,4,0,0,1,0,9047,9047,9047,364,364,0.06453812021956158,0.08498567310880785,
086,https://gobernacionzacapa.gob.gt/,definite,ok,35,10,0,0,0,0,4474,4474,4474,360,360,0.03517359558933095,0.0,
087,https://order.denthaidenver.com/,definite,ok,14,13,0,0,0,0,13838,13838,13838,360,360,0.0,0.0,
088,https://accademiadelpiacere.es/,definite,ok,9,0,0,0,0,0,4766,4766,4766,360,360,0.0,0.05610691472000746,
089,https://highmountain-billings.dispensary.shop/,definite,ok,71,71,0,0,0,0,5249,5249,5249,360,360,0.0,5.292013293537394e-07,
090,https://www.cfmetal.it/,definite,ok,3,0,0,0,0,2,7192,7194,7194,360,360,0.08724979149291076,0.0,
091,https://magnetasceramica.mitiendanube.com/,definite,ok,13,1,0,0,0,0,1371,1371,1371,360,360,0.0,0.0,
092,https://whyuhcflorida.com/,definite,ok,8,0,0,0,0,0,5642,5642,5642,360,360,0.0,0.0,
093,https://abiad.org.br/,definite,ok,4,2,0,0,0,0,2665,2665,2665,360,360,0.0,0.0,
094,https://chpatsialas.gr/,definite,ok,20,18,3,53,0,3,6384,6384,6384,360,360,0.0024531194056569994,0.0032922708557107053,
095,https://mcst8.org/,definite,ok,15,2,0,0,2,3,1736,1736,1736,375,375,0.08101382488479263,0.14551459293394778,
096,https://viber.ru.softmany.com/,definite,ok,3,3,0,0,0,0,7078,7054,7054,360,360,0.0,0.0,
097,https://cashelreydelminuto.com/,definite,ok,13,13,0,0,0,0,5358,5358,5358,360,360,0.0,0.0,
098,https://microsoft-titan.com/,definite,ok,8,2,0,0,0,0,13784,13784,13784,360,360,0.0,0.0,
099,https://www.tulikivi.ee/,definite,ok,3,0,0,0,0,0,640,640,640,360,360,0.057078993055555555,0.03064236111111111,
100,https://www.ingos-home-assistant.de/,maybe,ok,2,1,1,51,0,0,6555,6555,6622,360,360,0.0,0.2852314674989094,
101,https://handsyoudemand.com/,maybe,ok,5,0,0,0,0,0,7772,7772,7772,360,360,0.008285807681072736,0.008971915817000737,
102,https://samaa-group.com/,maybe,ok,37,0,0,0,0,0,3782,3782,3782,360,360,0.07709104530230919,0.11686717786003878,
103,https://www.trasportilogisticaitalia.com/,maybe,ok,1,0,0,0,1,1,7907,7907,7907,360,360,0.0018675435268327642,0.000818894650309852,
104,https://www.frauenaerztin-kulakov.de/,maybe,ok,7,0,0,0,0,0,8494,8494,8494,360,360,0.0,0.0,
105,https://denachtwachtwinterswijk.nl/,maybe,ok,4,0,0,0,0,0,8705,8705,8705,360,360,0.027857553130384835,0.028885378773374177,
106,https://thebeatcommunity.com/,maybe,ok,9,0,0,0,0,0,10356,10356,10356,360,360,0.022430636024204968,0.0001874919531350586,
107,https://artaron.com/,maybe,ok,0,0,0,0,0,0,1743,1743,1743,980,980,0.0,0.0,
108,https://golfanlage-schopfheim.de/,maybe,ok,1,0,0,0,0,0,5720,5720,5720,360,360,0.0,0.0,
109,https://sailwood.fr/,maybe,ok,6,0,0,0,0,0,20602,20602,20602,360,360,0.017703782804258487,0.0012210249274611958,
110,https://nmrdesign.com/,maybe,ok,9,0,0,0,0,0,3976,3976,3976,360,360,0.02445646098815113,0.0,
111,https://www.shopdarting.de/,maybe,ok,10,10,1,9,0,0,1161,1161,1161,360,360,0.0,0.002225093310364628,
112,https://www.sarahwerner.com/,maybe,ok,9,0,0,0,0,0,19957,19999,19999,360,360,0.18418407031462683,0.0,
113,https://kituhay.vn/,maybe,ok,6,0,0,0,0,0,12420,12420,12420,360,360,5.770263016639828e-05,0.00010466988727858293,
114,http://www.sofiva.tw/,maybe,error,,,,,,,,,,,,,,Page.goto: net::ERR_NAME_NOT_RESOLVED at http://www.sofiva.tw/
115,https://tv1868.de/,maybe,ok,6,0,0,0,0,0,6438,6438,6438,360,360,0.0,0.0,
116,https://yoursushiroma.it/,maybe,ok,6,6,4,80,0,0,18406,18406,18519,360,360,0.0,0.1893111279106743,
117,https://www.s-gifts.gr/,maybe,ok,24,0,0,0,0,0,4197,4197,4197,360,360,0.10631204828846001,0.0,
118,https://studio-smiles.com/,maybe,ok,3,0,0,0,0,0,13759,13759,13759,360,360,0.013671253563324208,0.0,
119,https://ortalli.es/,maybe,ok,3,0,0,0,0,0,15634,15634,15634,410,410,0.0,0.0,
120,https://ssptms.com/,maybe,ok,7,0,0,0,0,0,12723,12723,12723,360,360,0.010671836656274289,0.014383836796003737,
121,https://www.atelierperche.com/,maybe,ok,17,0,0,0,0,0,10348,10348,10348,360,360,0.0,0.0,
122,https://laporteouverte.me/,maybe,ok,3,0,0,0,0,0,76074,76074,76074,360,360,0.0,0.0,
123,https://mbphotox.wordpress.com/,maybe,ok,11,1,1,1,0,0,3602,3612,3612,360,360,0.17734865263935032,0.03030023378860588,
124,https://www.chimicabussi.it/,maybe,ok,6,0,0,0,0,0,6698,6698,6698,360,360,0.07197339172555656,0.07264150160910388,
125,https://www.witgoedserviceholland.nl/,maybe,ok,1,0,0,0,0,0,10801,10801,10801,360,360,0.0,0.0,
126,https://rnmdoorsandwindows.co.uk/,maybe,ok,6,0,0,0,0,0,8854,8854,8854,360,360,0.0,0.0,
127,https://vicosight.com/,maybe,ok,9,9,3,40,0,0,11620,11620,11636,360,360,0.0008543698603939568,0.016638019938123066,
128,https://autoport.co.in/,maybe,ok,5,5,3,22,0,0,6148,6148,6141,360,360,0.03531396493335335,0.16379602288841066,
129,https://culliganmo.com/,maybe,ok,6,0,0,0,0,0,12646,12646,12646,361,361,0.0,0.0,
130,https://jim.org/,maybe,ok,27,0,0,0,0,0,7627,7627,7627,376,376,0.03386415561736161,0.0,
131,https://www.brassfoghorn.com/,maybe,ok,17,0,0,0,0,0,5068,5068,5068,360,360,0.09283741120757695,0.03986670174515478,
132,https://lagnieugym.fr/,maybe,ok,7,0,0,0,0,0,4640,4640,4640,360,360,0.07261973180076628,0.0,
133,https://www.onoranzefunebricassina.it/,maybe,ok,2,0,0,0,0,0,14818,14818,14818,360,360,0.0,0.0,
134,https://liquid-chi.com/,maybe,ok,4,2,2,9,0,0,8144,8144,8194,360,360,0.0,0.02259207279038863,
135,https://arcon.com.pl/,maybe,ok,28,0,0,0,0,0,3181,3181,3181,360,360,0.14568444584162912,0.0039025114394495093,
136,https://asteres.fr/,maybe,ok,0,0,0,0,7,0,6194,6194,6194,410,410,0.002199610953164746,0.010430629169062114,
137,https://lovrec.hr/,maybe,ok,8,4,0,0,0,0,7529,7529,7529,360,360,0.0,0.0,
138,https://www.lacortedegliulivi.it/,maybe,ok,10,0,0,0,0,0,8652,8652,8652,360,360,0.06787062721528742,0.0,
139,https://nbjfc.com.au/,maybe,ok,2,0,0,0,0,0,7748,7748,7748,360,360,0.09445448287730167,0.060628549303045946,
140,https://blog.edtechie.net/,maybe,ok,2,0,0,0,0,0,10431,10431,10431,360,360,0.0,0.0,
141,https://alnacademy.org/,maybe,ok,1,0,0,0,0,0,8987,8987,8987,360,360,0.0448833500241089,0.06275886156547111,
142,https://dd9flash-news.blogspot.com/,maybe,ok,8,2,1,152,0,0,3906,3906,4014,360,360,0.0,0.3916569783535404,
143,https://lockandloadmiami.com/,maybe,ok,4,0,0,0,0,0,2381,2381,2381,360,360,0.0,0.0,
144,https://cloudprotection.com/,maybe,ok,6,0,0,0,0,0,14341,14341,14341,360,360,0.0,0.0,
145,https://www.widzenia.pl/,maybe,ok,3,0,0,0,0,0,8727,8727,8727,360,360,0.0,0.0,
146,https://www.steverubbishremovals.co.uk/,maybe,ok,4,0,0,0,0,0,7895,7895,7895,360,360,0.0,0.0,
147,https://www.amabile-gakki.com/,maybe,ok,39,1,1,57,0,0,50248,50248,50248,980,980,0.0,0.000715207671987757,
148,https://www.mugilu.com/,maybe,ok,1,0,0,0,0,0,25484,25484,25484,360,360,0.0,0.0,
149,https://jaganinfo.in/,maybe,ok,2,1,0,0,0,0,26651,26651,26651,389,389,0.0,0.0,
150,https://statusqueen.co.in/,maybe,ok,9,0,0,0,0,0,7522,7522,7522,360,360,0.0008120623947531685,0.0008748412065349051,
151,https://bahs.com/,maybe,ok,88,0,0,0,0,0,3710,3710,3710,360,360,0.0038080263551961667,0.004112758310871519,
152,https://breastfeeding-and-medication.co.uk/,maybe,ok,3,0,0,0,0,0,15614,15614,15614,360,360,0.0,0.0,
153,https://trainingfoodconsulting.co.za/,maybe,ok,2,0,0,0,0,0,2522,2522,2522,360,360,0.0,0.0,
154,https://funerariajuarez.com/,maybe,ok,5,0,0,0,0,0,8570,8570,8570,360,360,0.07455836026290351,0.0,
155,https://idartist.com.ru/,maybe,ok,0,0,0,0,0,0,687,687,687,360,360,0.0009420993045447194,0.0013221737020863659,
156,https://www.wetzelchronicle.com/,maybe,ok,7,7,0,0,0,0,6304,6304,6304,361,361,0.03148728503733285,0.0,
157,https://www.onnanavi.com/,maybe,ok,12,12,4,11,0,0,8255,8255,8258,360,360,0.04964398680934114,0.07408674416727214,
158,https://mokorroko.com/,maybe,ok,2,0,0,0,0,0,6972,6972,6972,360,360,0.0,0.0,
159,https://trendissimo.ro/,maybe,ok,45,0,0,0,0,0,2870,2873,2873,360,360,0.12606934292454655,0.0,
160,https://backstubelech.at/,maybe,ok,17,0,0,0,0,0,6754,6754,6754,360,360,0.0,0.0,
161,https://www.perro-h.com/,maybe,ok,0,0,0,0,0,2,11252,11252,11252,360,360,0.008336542639333254,0.00034068017537622943,
162,https://residences-fjt-troyes.fr/,maybe,ok,3,0,0,0,0,0,2434,2434,2434,360,360,0.0,0.0,
163,https://www.smartstartbrunswick.org/,maybe,ok,1,0,0,0,0,0,6479,6479,6479,360,360,0.08366914513109243,0.007071760268962601,
164,https://charlesheatingandair.com/,maybe,ok,5,0,0,0,0,0,8670,8670,8670,360,360,0.0,0.0,
165,https://mademoisellemagalie.fr/,maybe,ok,10,0,0,0,0,2,7783,7705,7705,360,360,0.09102780989906777,0.0,
166,https://sushinouveau.com.br/,maybe,ok,5,0,0,0,0,0,4385,4385,4385,360,360,0.0,0.0,
167,https://carmendeluz.mypornstarblogs.com/,maybe,ok,16,0,0,0,0,0,8163,8162,8162,360,360,0.00012250398137939484,0.0,
168,https://www.steiner-verlag.de/,maybe,ok,55,55,0,0,0,0,7128,7128,7128,360,360,0.0,0.011081104252400548,
169,https://www.junghannsgmbh.de/,maybe,ok,16,12,1,76,0,0,9394,9394,9425,360,360,0.002103246192978721,0.21755158453162082,
170,https://erinelizabethinspiredllc.com/,maybe,ok,3,0,0,0,0,0,8811,8811,8811,360,360,0.00038808812217051917,0.0,
171,https://keskustankoulu.kankaanpaa.fi/,maybe,ok,9,0,0,0,0,0,5156,5156,5156,363,363,0.0,0.0,
172,https://goodearthvillage.org/,maybe,ok,2,0,0,0,0,0,10810,10810,10810,360,360,0.0030876760201459554,0.008037311131668208,
173,https://demukkenstal.nl/,maybe,ok,7,0,0,0,0,0,2374,2374,2374,360,360,0.0,0.0,
174,https://thegrangeduvall.com/,maybe,ok,1,0,0,0,1,0,6916,6916,6916,360,360,0.04212695199537305,0.11935206606259238,
175,https://www.goldenoakrenovations.com/,maybe,ok,1,1,0,0,0,0,640,640,640,360,360,0.0,0.0,
176,https://novajar.sk/,maybe,ok,7,0,0,0,0,2,5968,5968,5968,360,360,0.020566633154602325,0.0,
177,https://derangler.shop/,maybe,ok,325,168,29,89,0,0,5616,5616,5616,360,360,0.06535246517885407,0.0374446027223805,
178,https://www.robertseddy.com/,maybe,ok,1,0,0,0,0,0,6892,6892,6892,360,360,0.002852743922099697,0.11376716966531245,
179,https://www.yesyespadel.com/,maybe,ok,7,0,0,0,0,0,8661,8661,8661,360,360,0.0,0.0,
180,https://cccandies.com/,maybe,ok,20,0,0,0,0,0,4835,4835,4835,360,360,0.0,0.0,
181,https://cipeseguridad.com/,maybe,ok,7,0,0,0,3,1,9443,9443,9443,360,360,0.02908856648663913,0.04934460564556932,
182,https://novatekbd.com/,maybe,ok,1,0,0,0,0,0,1746,1746,1746,360,360,0.10214280259641084,0.11289652539137075,
183,https://rws77.com/,maybe,ok,49,39,0,0,1,0,2858,2858,2858,360,360,0.00020118964310706787,0.021086035300520955,
184,https://www.croceverdemestre.it/,maybe,ok,4,2,0,0,0,0,9300,9300,9300,360,360,0.0,0.0,
185,https://baars-bloembinders.nl/,maybe,ok,12,0,0,0,0,0,13150,13150,13150,360,360,0.0,0.0,
186,https://stemdiscoverycentre.co.uk/,maybe,ok,2,0,0,0,0,0,5367,5367,5367,360,360,0.0,0.0,
187,https://www.zuhreanaeuropa.com/,maybe,ok,25,0,0,0,0,0,8841,8841,8841,360,360,0.0006962510525455894,0.0006239867284997926,
188,https://acturpabloiglesias.com/,maybe,ok,12,8,2,60,0,0,8428,8428,8428,360,360,0.009139508516584929,0.010970706111902125,
189,https://memoiresdeladistribution.fr/,maybe,ok,5,4,2,66,0,0,5334,5334,5408,530,530,0.0,0.08234446522273083,
190,https://www.galleryfittedkitchens.co.uk/,maybe,ok,9,0,0,0,0,0,6048,6048,6048,360,360,0.025641166960611406,0.00350299456202234,
191,https://shelbychamber.org/,maybe,ok,28,0,0,0,0,0,6570,6570,6570,360,360,0.041677659394554374,0.04070184339590732,
192,https://www.ijov.nl/,maybe,ok,51,0,0,0,0,0,7493,7493,7493,360,360,0.024241514302237643,0.01510520930646381,
193,https://www.abhaywani.in/,maybe,ok,2,2,2,70,0,0,8442,8442,8587,360,360,0.0043295427623785835,0.29659627602448146,
194,https://www.pussywillow.club/,maybe,ok,11,0,0,0,0,0,4366,4366,4366,360,360,0.027539191734106988,0.02800936529750089,
195,https://nadarauctions.com/,maybe,ok,1,0,0,0,0,0,5601,5601,5601,360,360,0.0,0.0,
196,https://www.lettl-tank.de/,maybe,ok,2,0,0,0,0,0,6540,6540,6540,360,360,0.05101681957186544,0.04414755351681957,
197,https://bustoprofai.lt/,maybe,ok,5,0,0,0,0,0,10888,10888,10888,360,360,0.0003479875908237407,0.0032209261980569843,
198,https://woofcamp.fr/,maybe,ok,2,1,0,0,0,0,772,772,772,360,360,0.0,0.0,
199,https://www.yongnuorumors.com/,maybe,ok,10,10,0,0,0,0,12258,12258,12258,360,360,0.0,0.0,
