id,page,verdict,note
033,https://schraubenhaus.de/,neutral,"Image grows from 233 to 338px wide, filling the text column; plausibly what the author intended"
040,https://www.texelcampings.nl/,improved,"Header logo goes from 39 to 100px wide; before, it was tiny"
041,https://estudio.fareph.com/,no visible change,"Boxes change inside a carousel that only shows loading spinners"
047,https://sienagarden.nl/,no visible change,"2px change"
066,https://www.kral-buch.at/,worse,"No sizes (implicit 100vw) and 1200w on every image regardless of real size; a 45px portrait becomes 360x540 and horizontal overflow grows from 389 to 401px"
067,https://www.doucujte.cz/,broken,"Icons use srcset=""icon@2x.png 2w"" sizes=""1px"" to fake 2x; they render 1x1"
080,https://pocketalk.jp/,no visible change,"Only an animated logo marquee differs"
094,https://chpatsialas.gr/,no visible change,"Only animated decorative images differ"
100,https://www.ingos-home-assistant.de/,neutral,"Photo grows from 279 to 330px wide, filling the column"
111,https://www.shopdarting.de/,neutral,"Product bottle image grows from 8 to 17px wide inside its card"
116,https://yoursushiroma.it/,neutral,"Content images grow to the 320px column width"
123,https://mbphotox.wordpress.com/,not assessable,"Changed images are covered by a consent dialog"
127,https://vicosight.com/,neutral,"Client logos get slightly larger"
128,https://autoport.co.in/,neutral,"Carousel images go from 338 to 360px wide; the rest of the difference is carousel motion"
134,https://liquid-chi.com/,not assessable,"Page renders blank in both screenshots"
142,https://dd9flash-news.blogspot.com/,neutral,"Header logo grows from 176 to 328px wide"
147,https://www.amabile-gakki.com/,neutral,"Non-responsive 980px page; product photo grows from 101 to 158px wide"
157,https://www.onnanavi.com/,neutral,"Banners get slightly larger (209 to 220px)"
169,https://www.junghannsgmbh.de/,not assessable,"Changed images are covered by a consent dialog"
177,https://derangler.shop/,neutral,"Product thumbnails (sizes=200px) become a uniform 103px wide; the rest is carousel motion"
188,https://acturpabloiglesias.com/,neutral,"News images go from 300 to 360px wide; the rest is carousel motion"
189,https://memoiresdeladistribution.fr/,worse,"Blog logos grow from 234 to 300px and stick out past their 300px card"
193,https://www.abhaywani.in/,neutral,"Images grow from about 280 to 340px, filling their cards"
